N,Pares,Tiempo_Seq_ms,Tiempo_Par_ms,Speedup,Eficiencia_%
10.0,45.0,0.0205769,0.0221986,0.9269458434315677,5.7934115214472985
20.0,190.0,0.10021169999999999,0.10149610000000002,0.9873453265691979,6.170908291057487
30.0,435.0,1.0386692,0.31185509999999994,3.3306147630742617,20.816342269214136
50.0,1225.0,0.9874399,1.7862208,0.5528095406794054,3.4550596292462834
100.0,4950.0,4.1393493999999995,2.6546141999999997,1.5593035703643867,9.745647314777417
